{"vertices":[{"x":-0.054999977350234988,"y":-0.4099999964237213,"z":0.0},{"x":-0.1850001960992813,"y":0.3050001561641693,"z":0.0},{"x":0.8449991941452026,"y":0.33499976992607119,"z":0.0},{"x":0.6499998569488525,"y":-0.47499990463256838,"z":0.0}]}