{"vertices":[{"x":-0.5250003337860107,"y":-0.6809961795806885,"z":0.0},{"x":-0.6489953994750977,"y":0.3190007209777832,"z":0.0},{"x":1.001998782157898,"y":0.3240002393722534,"z":0.0},{"x":0.7940030694007874,"y":-0.7579964995384216,"z":0.0}]}