{"vertices":[{"x":-0.8049995303153992,"y":-0.47999992966651919,"z":0.0},{"x":-0.19500020146369935,"y":0.5849999189376831,"z":0.0},{"x":1.004999041557312,"y":0.41499969363212588,"z":0.0},{"x":1.0299994945526124,"y":-0.804999589920044,"z":0.0}]}