{"vertices":[{"x":0.10500000417232514,"y":-0.4099999964237213,"z":0.0},{"x":-0.1850001960992813,"y":0.3050001561641693,"z":0.0},{"x":0.6149994134902954,"y":0.35499975085258486,"z":0.0},{"x":0.3900000751018524,"y":-0.38499999046325686,"z":0.0}]}