{"position":[{"x":3.1100001335144045,"y":20.30000114440918,"z":2.0299999713897707},{"x":2.6399998664855959,"y":20.30000114440918,"z":3.3899998664855959},{"x":1.5799999237060547,"y":20.30000114440918,"z":1.7100000381469727},{"x":2.0299999713897707,"y":20.30000114440918,"z":2.0299999713897707}],"scannerScale":0.10000000149011612}