{"vertices":[{"x":-0.21200022101402284,"y":-0.6809961795806885,"z":0.0},{"x":-0.551996648311615,"y":0.3190007209777832,"z":0.0},{"x":0.9709990620613098,"y":0.41299909353256228,"z":0.0},{"x":0.5840032696723938,"y":-0.6579965949058533,"z":0.0}]}