{"position":[{"x":-13.84000015258789,"y":20.30000114440918,"z":5.359999656677246},{"x":-14.960000038146973,"y":20.30000114440918,"z":4.380000114440918},{"x":-13.170000076293946,"y":20.30000114440918,"z":4.769999980926514},{"x":-12.260000228881836,"y":20.30000114440918,"z":2.819999933242798}],"scannerScale":0.10000000149011612}