{"position":[{"x":-19.030000686645509,"y":20.30000114440918,"z":-0.4900016784667969},{"x":-18.84000015258789,"y":20.30000114440918,"z":1.1099982261657715},{"x":-19.389999389648439,"y":20.30000114440918,"z":0.649998664855957},{"x":-14.799999237060547,"y":20.30000114440918,"z":1.8799982070922852}],"scannerScale":0.10000000149011612}