{"position":[{"x":-11.65999984741211,"y":0.9200038909912109,"z":-19.990001678466798},{"x":5.579999923706055,"y":0.5900039672851563,"z":-20.07000160217285},{"x":-21.950000762939454,"y":1.6300029754638672,"z":-20.170001983642579},{"x":-14.799999237060547,"y":20.30000114440918,"z":1.8799982070922852}],"scannerScale":0.10000000149011612}