{"position":[{"x":4.609999656677246,"y":20.30000114440918,"z":2.929999828338623},{"x":5.090000152587891,"y":20.30000114440918,"z":3.509999990463257},{"x":3.9099998474121095,"y":20.30000114440918,"z":1.7100000381469727},{"x":2.0299999713897707,"y":20.30000114440918,"z":2.0299999713897707}],"scannerScale":0.10000000149011612}