{"vertices":[{"x":0.05499998480081558,"y":-0.3800000250339508,"z":0.0},{"x":-0.03500018268823624,"y":0.3650001287460327,"z":0.0},{"x":0.9699990749359131,"y":0.35999977588653567,"z":0.0},{"x":0.8649996519088745,"y":-0.39499998092651369,"z":0.0}]}