{"position":[{"x":-17.18000030517578,"y":20.30000114440918,"z":5.269998550415039},{"x":-18.93000030517578,"y":20.30000114440918,"z":3.879998207092285},{"x":-19.65999984741211,"y":20.30000114440918,"z":1.9999983310699463},{"x":-14.800000190734864,"y":20.30000114440918,"z":1.8799983263015748}],"scannerScale":0.10000000149011612}