{"position":[{"x":-17.420000076293947,"y":20.30000114440918,"z":2.029998302459717},{"x":-17.889999389648439,"y":20.30000114440918,"z":3.389998435974121},{"x":-18.950000762939454,"y":20.30000114440918,"z":1.709998369216919},{"x":-18.5,"y":20.30000114440918,"z":2.029998302459717}],"scannerScale":0.11999999731779099}