{"vertices":[{"x":-0.32499995827674868,"y":-0.4000000059604645,"z":0.0},{"x":-0.42500007152557375,"y":0.3350001275539398,"z":0.0},{"x":0.8149992227554321,"y":0.30499979853630068,"z":0.0},{"x":0.6999998092651367,"y":-0.38499999046325686,"z":0.0}]}